code,name,phone
KH-0000000001,Bac Do Xuan Lan,098 874 7555
KH-0000000002,Co Tran Huu Linh,093 759 4891
KH-0000000003,Anh Nguyen Huu Anh,095 867 7277
KH-0000000004,Chi Phan Van Lan,098 902 6563
KH-0000000005,Bac Phung Quang Anh,093 512 7003
KH-0000000006,Anh Phung Van Hai,098 807 4519
KH-0000000007,Co Pham Van An,093 656 9343
KH-0000000008,Chi Nguyen Xuan Quyet,093 538 4699
KH-0000000009,Chi Tran Xuan Mai,090 425 3554
KH-0000000010,Bac Phung Thi Hau,096 637 9815
KH-0000000011,Chu Pham Thi Anh,093 151 6305
KH-0000000012,Anh Phan Quang Quan,093 810 6824
KH-0000000013,Chu Phan Xuan Hai,099 850 1947
KH-0000000014,Bac Nguyen Quang Tien,097 707 8045
KH-0000000015,Chu Pham Quang Minh,097 952 8983
KH-0000000016,Co Pham Thi Hai,098 204 5262
KH-0000000017,Chi Tran Xuan Tien,097 760 5618
KH-0000000018,Chu Nguyen Van Le,096 815 1376
KH-0000000019,Chi Do Van Thu,097 374 3866
KH-0000000020,Chi Pham Thi Minh,090 195 3586
KH-0000000021,Chi Bui Thi Hau,097 984 8320
KH-0000000022,Co Phan Huu Van,093 859 8947
KH-0000000023,Chi Le Van Giang,099 801 2916
KH-0000000024,Anh Bui Van Hau,092 556 9746
KH-0000000025,Bac Le Thi Hoang,099 530 9000
KH-0000000026,Chu Pham Xuan Van,092 524 9619
KH-0000000027,Anh Phung Quang Quyet,090 962 5841
KH-0000000028,Bac Phung Quang Quan,099 313 2325
KH-0000000029,Chi Le Xuan Hoang,091 663 3355
KH-0000000030,Anh Do Quang Binh,090 253 8484
KH-0000000031,Anh Bui Huu Vy,094 334 9127
KH-0000000032,Co Phan Thi Vy,095 365 7486
KH-0000000033,Chi Bui Quang Hau,097 803 7726
KH-0000000034,Anh Bui Thi Tien,091 644 8560
KH-0000000035,Chi Phan Xuan Vy,093 852 1818
KH-0000000036,Chu Nguyen Huu Van,098 221 3930
KH-0000000037,Chu Nguyen Quang Chien,090 262 6450
KH-0000000038,Co Nguyen Dinh Linh,092 722 2673
KH-0000000039,Bac Bui Xuan Chien,094 875 7306
KH-0000000040,Chi Nguyen Dinh Ban,096 179 5040
KH-0000000041,Chi Pham Van Linh,096 984 1896
KH-0000000042,Co Bui Thi Long,096 940 6619
KH-0000000043,Co Le Dinh Tien,097 987 1889
KH-0000000044,Co Nguyen Van Van,098 379 6364
KH-0000000045,Bac Nguyen Xuan Thu,091 113 6678
KH-0000000046,Bac Le Xuan Tien,095 224 9548
KH-0000000047,Chi Phan Van Hung,095 351 6997
KH-0000000048,Chi Nguyen Quang Minh,094 700 8681
KH-0000000049,Chu Phung Xuan Minh,098 306 7462
KH-0000000050,Chu Tran Van Ban,092 603 7419
KH-0000000051,Co Le Quang Minh,092 762 4214
KH-0000000052,Co Phan Thi Hau,099 529 1304
KH-0000000053,Bac Phan Dinh Thinh,095 603 5786
KH-0000000054,Co Tran Quang Hai,094 464 7211
KH-0000000055,Bac Do Huu Chien,091 283 4264
KH-0000000056,Bac Tran Thi Vy,094 783 6790
KH-0000000057,Bac Pham Xuan An,098 623 9042
KH-0000000058,Chi Pham Quang Thu,099 168 9491
KH-0000000059,Chi Phung Quang Van,091 331 8104
KH-0000000060,Chu Bui Van Tien,093 677 3066
KH-0000000061,Bac Phan Quang Bach,094 861 5877
KH-0000000062,Co Tran Xuan Thinh,094 855 6232
KH-0000000063,Bac Phung Quang Van,098 448 6850
KH-0000000064,Chu Nguyen Quang Van,098 951 4818
KH-0000000065,Chu Nguyen Xuan Minh,093 824 8498
KH-0000000066,Chi Phung Quang Van,093 295 5145
KH-0000000067,Chi Pham Huu Mai,094 379 8137
KH-0000000068,Chi Pham Thi Quan,099 567 7350
KH-0000000069,Bac Nguyen Thi Lan,097 889 5002
KH-0000000070,Anh Pham Van Van,098 330 8133
KH-0000000071,Bac Phung Huu Hung,092 426 4286
KH-0000000072,Chu Bui Van Hau,099 213 8045
KH-0000000073,Chu Pham Huu Le,095 897 4845
KH-0000000074,Chu Phung Quang Bach,091 919 4237
KH-0000000075,Chi Pham Quang Vy,094 854 8682
KH-0000000076,Chu Do Huu Hung,096 953 8914
KH-0000000077,Chu Bui Huu Le,095 197 9302
KH-0000000078,Chi Tran Xuan Thinh,091 330 5915
KH-0000000079,Chu Nguyen Van Linh,091 352 1320
KH-0000000080,Chu Pham Huu Hung,095 899 9098
KH-0000000081,Co Bui Dinh Bach,095 773 2131
KH-0000000082,Co Pham Huu Long,090 118 8743
KH-0000000083,Co Nguyen Huu Chien,099 109 4577
KH-0000000084,Anh Bui Huu Hai,094 778 3504
KH-0000000085,Co Pham Dinh Vy,094 225 3946
KH-0000000086,Bac Phung Quang Le,094 137 4363
KH-0000000087,Chi Tran Quang Vy,099 616 1801
KH-0000000088,Anh Tran Van Chien,094 306 6089
KH-0000000089,Chu Pham Dinh Quan,099 281 7625
KH-0000000090,Anh Tran Dinh Bach,094 949 4521
KH-0000000091,Co Bui Thi Tien,094 699 8063
KH-0000000092,Chu Do Xuan Mai,095 370 3322
KH-0000000093,Bac Do Dinh An,092 375 8554
KH-0000000094,Chi Bui Thi Hung,092 624 7044
KH-0000000095,Bac Bui Van Vy,099 853 5893
KH-0000000096,Chu Do Dinh Hoang,096 836 2656
KH-0000000097,Co Phung Dinh Ban,094 714 8231
KH-0000000098,Co Tran Dinh Bach,097 537 9652
KH-0000000099,Chi Tran Van Le,092 755 9845
KH-0000000100,Bac Pham Van Ban,093 615 8403
KH-0000000101,Chi Nguyen Thi Tien,093 289 2230
KH-0000000102,Co Tran Van Quan,093 120 5343
KH-0000000103,Bac Tran Xuan Hung,091 435 4397
KH-0000000104,Chu Tran Huu Tien,091 282 1413
KH-0000000105,Bac Nguyen Quang Binh,095 486 8743
KH-0000000106,Chi Do Quang Binh,094 986 7483
KH-0000000107,Chu Phung Huu Quan,092 726 6678
KH-0000000108,Anh Bui Huu Hau,098 287 6293
KH-0000000109,Chi Le Quang Giang,099 672 9693
KH-0000000110,Chu Pham Van Van,093 301 2595
KH-0000000111,Chu Tran Thi Anh,092 484 6679
KH-0000000112,Bac Pham Quang Van,097 181 5170
KH-0000000113,Co Le Huu Chien,095 741 2320
KH-0000000114,Chu Phung Dinh Thu,095 376 1706
KH-0000000115,Anh Phung Huu Quyet,093 155 8016
KH-0000000116,Chu Bui Xuan Le,091 106 2051
KH-0000000117,Co Phung Van Quan,099 200 8128
KH-0000000118,Chi Bui Huu Linh,090 644 8321
KH-0000000119,Anh Le Dinh Ban,095 120 8210
KH-0000000120,Co Tran Xuan Le,092 638 8938
KH-0000000121,Co Le Xuan Vy,097 441 8999
KH-0000000122,Chu Bui Van Hoang,094 116 8553
KH-0000000123,Chi Phung Xuan Quan,093 751 5437
KH-0000000124,Anh Phung Van Bach,099 611 3111
KH-0000000125,Anh Tran Dinh Van,096 334 2714
KH-0000000126,Bac Bui Huu Mai,098 726 7425
KH-0000000127,Co Pham Huu Hung,097 747 5718
KH-0000000128,Anh Phan Van Thu,099 566 9104
KH-0000000129,Bac Phan Xuan Binh,095 573 1270
KH-0000000130,Chu Phan Van Quyet,092 292 2076
KH-0000000131,Bac Bui Huu Thu,097 978 4263
KH-0000000132,Chi Phung Dinh Van,099 234 3037
KH-0000000133,Chu Bui Huu Hung,092 891 3100
KH-0000000134,Chi Pham Xuan Le,094 776 4727
KH-0000000135,Chi Tran Dinh Linh,096 545 4179
KH-0000000136,Bac Phan Xuan Hai,096 744 5098
KH-0000000137,Chu Bui Huu Tien,098 597 8827
KH-0000000138,Co Do Xuan Tien,091 381 7547
KH-0000000139,Co Do Quang Van,097 670 8919
KH-0000000140,Chi Phan Quang Quan,098 743 6172
KH-0000000141,Co Nguyen Van Vy,096 976 6331
KH-0000000142,Co Do Xuan Le,096 226 5597
KH-0000000143,Chu Bui Huu Giang,092 722 6020
KH-0000000144,Anh Phan Thi Thu,093 763 7103
KH-0000000145,Chi Phung Thi Tien,091 470 3025
KH-0000000146,Chu Nguyen Huu An,093 814 2332
KH-0000000147,Co Phung Quang Minh,099 914 8560
KH-0000000148,Anh Do Van Binh,097 954 9004
KH-0000000149,Co Nguyen Dinh Tien,095 596 6033
KH-0000000150,Bac Phung Xuan Bach,092 952 6327
KH-0000000151,Chu Do Dinh Long,092 321 6999
KH-0000000152,Chi Do Van Hau,093 123 5375
KH-0000000153,Anh Do Thi Bach,095 271 2893
KH-0000000154,Bac Do Xuan Binh,094 658 9605
KH-0000000155,Chi Tran Huu Le,091 295 3563
KH-0000000156,Anh Phung Xuan Bach,097 621 7838
KH-0000000157,Anh Le Thi Bach,099 393 3539
KH-0000000158,Anh Nguyen Quang Quan,093 363 5977
KH-0000000159,Chi Pham Xuan Chien,090 479 5273
KH-0000000160,Chi Pham Quang Hai,095 447 2801
KH-0000000161,Chi Pham Huu An,093 186 3789
KH-0000000162,Co Phan Thi Lan,095 205 4423
KH-0000000163,Bac Nguyen Xuan Quan,090 150 3578
KH-0000000164,Bac Phung Dinh Le,093 376 6322
KH-0000000165,Co Le Thi Quyet,095 774 4576
KH-0000000166,Anh Phan Huu Quyet,097 524 7000
KH-0000000167,Co Phan Dinh Mai,096 500 4585
KH-0000000168,Anh Phung Huu Mai,090 880 8610
KH-0000000169,Bac Le Quang Hung,097 191 8279
KH-0000000170,Chu Tran Xuan Chien,095 631 9318
KH-0000000171,Co Nguyen Van Tien,090 187 3628
KH-0000000172,Chu Phan Van Quan,099 163 1659
KH-0000000173,Bac Tran Huu Quyet,091 502 2580
KH-0000000174,Anh Pham Dinh Hau,098 555 8111
KH-0000000175,Chi Pham Van Quyet,090 281 5232
KH-0000000176,Anh Nguyen Xuan Quan,090 293 9680
KH-0000000177,Bac Phung Quang Linh,090 107 2669
KH-0000000178,Chi Do Thi Hai,090 861 4850
KH-0000000179,Chu Pham Van Tien,094 135 6945
KH-0000000180,Co Nguyen Van Binh,097 943 8102
KH-0000000181,Chi Tran Van Chien,096 367 9082
KH-0000000182,Co Pham Dinh Hai,095 642 1425
KH-0000000183,Chi Nguyen Dinh An,098 782 5580
KH-0000000184,Chu Nguyen Huu Hai,097 592 8698
KH-0000000185,Anh Tran Xuan Mai,093 111 5624
KH-0000000186,Chu Phung Thi Bach,094 848 9873
KH-0000000187,Bac Pham Xuan Le,097 619 4556
KH-0000000188,Anh Tran Dinh Bach,095 804 6273
KH-0000000189,Bac Pham Quang Long,097 314 2073
KH-0000000190,Chi Phung Huu Le,097 966 4312
KH-0000000191,Anh Tran Van Bach,095 837 8673
KH-0000000192,Co Phan Thi Ban,095 627 4740
KH-0000000193,Bac Nguyen Quang Vy,090 934 8518
KH-0000000194,Co Pham Huu Linh,092 909 9188
KH-0000000195,Chi Tran Dinh Le,092 350 7603
KH-0000000196,Chi Le Dinh Hai,098 548 8180
KH-0000000197,Co Do Dinh Tien,092 813 9521
KH-0000000198,Chu Phung Huu Linh,091 954 1841
KH-0000000199,Anh Phan Huu Long,094 601 6860
KH-0000000200,Chi Bui Dinh Van,098 855 8359
KH-0000000201,Chi Tran Thi Mai,098 486 1497
KH-0000000202,Anh Nguyen Dinh Vy,090 569 7516
KH-0000000203,Chu Phung Quang Le,098 532 6460
KH-0000000204,Anh Bui Xuan Quan,099 574 4708
KH-0000000205,Bac Nguyen Thi Hoang,091 835 7832
KH-0000000206,Anh Le Van Thinh,093 781 6998
KH-0000000207,Chu Le Xuan Mai,099 583 8764
KH-0000000208,Anh Tran Quang Tien,091 597 2899
KH-0000000209,Chu Phung Huu Hung,094 775 6668
KH-0000000210,Anh Phung Quang Thinh,097 257 8179
KH-0000000211,Chu Phan Quang Bach,091 870 4270
KH-0000000212,Co Pham Xuan Lan,093 837 9185
KH-0000000213,Co Phan Thi Giang,090 206 2873
KH-0000000214,Chu Pham Thi Mai,096 835 5336
KH-0000000215,Bac Pham Van Binh,095 702 7398
KH-0000000216,Chi Bui Thi Minh,095 438 4555
KH-0000000217,Chu Nguyen Van Hau,093 751 3774
KH-0000000218,Co Nguyen Dinh Quyet,096 280 6397
KH-0000000219,Co Phan Xuan Ban,093 389 9404
KH-0000000220,Co Phan Huu Thinh,094 618 4509
KH-0000000221,Co Bui Xuan Long,096 801 6761
KH-0000000222,Chu Phung Quang Bach,098 456 7968
KH-0000000223,Co Do Dinh Chien,099 233 3556
KH-0000000224,Bac Phung Quang Ban,095 911 5332
KH-0000000225,Co Tran Dinh Tien,092 324 7415
KH-0000000226,Chi Bui Thi Binh,096 889 6161
KH-0000000227,Chu Bui Thi Hung,093 765 5271
KH-0000000228,Chi Phung Xuan Tien,094 423 1236
KH-0000000229,Anh Do Huu Tien,098 870 8123
KH-0000000230,Chi Do Huu Vy,096 483 5409
KH-0000000231,Co Phung Xuan Hai,090 657 4018
KH-0000000232,Anh Pham Thi Hai,093 170 6257
KH-0000000233,Bac Phan Quang Van,099 662 9360
KH-0000000234,Anh Do Xuan Giang,093 136 7125
KH-0000000235,Chu Tran Dinh Tien,098 566 5146
KH-0000000236,Chi Pham Dinh Bach,091 164 3890
KH-0000000237,Anh Phan Quang Tien,098 930 9816
KH-0000000238,Chi Nguyen Xuan Quyet,096 482 8827
KH-0000000239,Bac Phung Van Minh,094 861 9064
KH-0000000240,Bac Nguyen Van Hau,096 238 6749
KH-0000000241,Bac Tran Van Bach,093 980 4543
KH-0000000242,Co Do Dinh Hau,091 315 1339
KH-0000000243,Chu Nguyen Van Chien,097 913 2897
KH-0000000244,Anh Tran Xuan Tien,096 331 5018
KH-0000000245,Anh Nguyen Xuan Mai,093 757 2287
KH-0000000246,Chu Phung Thi Linh,093 787 7827
KH-0000000247,Chi Pham Van Hai,098 315 6767
KH-0000000248,Anh Tran Van Tien,097 534 3687
KH-0000000249,Chu Phan Van Van,095 685 4351
KH-0000000250,Bac Tran Thi Hai,096 790 1973
KH-0000000251,Co Pham Xuan Tien,090 824 7757
KH-0000000252,Co Phung Van Hau,093 777 6502
KH-0000000253,Chu Pham Van Hoang,090 166 2248
KH-0000000254,Bac Pham Dinh Vy,099 343 8839
KH-0000000255,Chu Le Dinh Long,096 578 6143
KH-0000000256,Bac Pham Quang Long,090 294 4004
KH-0000000257,Chu Nguyen Huu Hoang,098 593 2908
KH-0000000258,Co Nguyen Dinh Hung,098 307 3703
KH-0000000259,Co Le Quang Ban,099 935 2289
KH-0000000260,Chi Bui Van Hau,090 816 6199
KH-0000000261,Co Phung Dinh Thinh,093 542 6615
KH-0000000262,Chu Nguyen Van Binh,098 198 5723
KH-0000000263,Chi Nguyen Dinh Tien,095 765 3488
KH-0000000264,Chu Bui Thi Hoang,091 810 5445
KH-0000000265,Bac Phung Dinh Mai,094 490 6510
KH-0000000266,Bac Phung Dinh Tien,093 301 2566
KH-0000000267,Co Pham Xuan Binh,094 474 8829
KH-0000000268,Anh Nguyen Huu An,098 848 2050
KH-0000000269,Bac Bui Huu Long,093 317 2594
KH-0000000270,Chu Phung Thi Binh,097 616 3057
KH-0000000271,Anh Le Xuan Mai,092 508 4282
KH-0000000272,Anh Phan Huu Hai,093 824 9331
KH-0000000273,Chi Pham Thi Van,095 846 8533
KH-0000000274,Bac Bui Huu Long,093 189 9753
KH-0000000275,Co Phan Huu Van,092 934 4928
KH-0000000276,Chu Bui Quang Hoang,093 193 4265
KH-0000000277,Anh Phan Quang Hai,092 326 2678
KH-0000000278,Anh Nguyen Quang Linh,096 289 5292
KH-0000000279,Bac Pham Xuan Chien,098 262 8603
KH-0000000280,Anh Phung Xuan Quan,098 252 6116
KH-0000000281,Co Phan Quang Hai,099 767 7860
KH-0000000282,Chi Bui Van Van,095 931 3963
KH-0000000283,Chi Nguyen Van Linh,097 924 7003
KH-0000000284,Chi Pham Huu Hai,094 118 7956
KH-0000000285,Chi Tran Dinh Thu,096 548 3302
KH-0000000286,Bac Tran Dinh Hau,098 193 5889
KH-0000000287,Chi Do Xuan Mai,091 141 1696
KH-0000000288,Bac Pham Thi Chien,092 130 8666
KH-0000000289,Co Phung Huu Chien,096 246 5293
KH-0000000290,Anh Phung Thi Vy,091 167 8666
KH-0000000291,Bac Tran Quang Anh,099 691 1728
KH-0000000292,Bac Phung Quang Tien,093 309 9117
KH-0000000293,Chi Phan Van Chien,097 607 4311
KH-0000000294,Co Bui Xuan Ban,095 133 6445
KH-0000000295,Co Pham Huu Van,093 469 2984
KH-0000000296,Co Nguyen Thi Anh,092 788 4378
KH-0000000297,Chu Bui Quang Long,091 216 7638
KH-0000000298,Chi Bui Thi Tien,097 452 2041
KH-0000000299,Anh Phan Dinh Binh,095 459 8721
KH-0000000300,Anh Phung Quang Hau,094 365 9374
KH-0000000301,Bac Pham Xuan Lan,099 719 6222
KH-0000000302,Chu Do Xuan Tien,096 651 3737
KH-0000000303,Chu Le Huu Lan,095 794 3988
KH-0000000304,Anh Tran Xuan Quan,096 817 4263
KH-0000000305,Anh Do Xuan Chien,094 583 4092
KH-0000000306,Co Bui Dinh Binh,092 806 3746
KH-0000000307,Anh Bui Dinh Ban,095 225 5485
KH-0000000308,Bac Phung Thi An,093 519 6647
KH-0000000309,Bac Phan Quang Giang,092 407 5575
KH-0000000310,Chi Do Dinh Binh,092 219 5907
KH-0000000311,Anh Tran Van Bach,099 713 3893
KH-0000000312,Chi Phan Dinh Thinh,096 760 1282
KH-0000000313,Bac Nguyen Dinh Anh,091 843 9621
KH-0000000314,Co Do Huu Tien,094 242 4261
KH-0000000315,Chi Nguyen Huu Hau,093 591 6495
KH-0000000316,Co Bui Dinh Thinh,095 725 2162
KH-0000000317,Co Pham Xuan Lan,090 413 8514
KH-0000000318,Chi Tran Dinh Binh,095 240 9861
KH-0000000319,Co Nguyen Thi Quyet,090 727 2148
KH-0000000320,Chu Pham Huu Hoang,090 187 1261
KH-0000000321,Anh Nguyen Huu Lan,098 681 3480
KH-0000000322,Chi Phung Van Tien,091 948 5353
KH-0000000323,Anh Do Quang Thu,098 820 5798
KH-0000000324,Co Pham Xuan Mai,099 779 9570
KH-0000000325,Anh Nguyen Dinh Giang,091 636 1961
KH-0000000326,Anh Tran Van Thu,098 374 9455
KH-0000000327,Chu Pham Quang Linh,097 893 8911
KH-0000000328,Bac Nguyen Quang Chien,097 159 7729
KH-0000000329,Chu Pham Thi Quyet,092 324 7668
KH-0000000330,Anh Le Huu Anh,092 412 2853
KH-0000000331,Chi Do Van Quan,091 671 4499
KH-0000000332,Bac Tran Van Hau,091 180 3477
KH-0000000333,Co Pham Xuan Vy,092 377 5731
KH-0000000334,Co Le Huu Quan,090 461 2025
KH-0000000335,Chi Phung Thi Long,096 941 2948
KH-0000000336,Co Pham Quang Chien,093 205 3614
KH-0000000337,Chu Phung Huu Binh,093 568 3052
KH-0000000338,Anh Pham Huu Linh,095 790 8431
KH-0000000339,Co Phan Thi Anh,094 956 7261
KH-0000000340,Anh Pham Dinh Le,095 495 2274
KH-0000000341,Co Bui Quang Hai,099 853 4956
KH-0000000342,Bac Do Thi Minh,096 750 7682
KH-0000000343,Chi Do Huu Chien,099 460 1342
KH-0000000344,Chi Phan Quang Anh,093 725 3111
KH-0000000345,Bac Pham Thi Lan,091 709 5718
KH-0000000346,Chi Bui Quang Binh,096 384 7053
KH-0000000347,Anh Le Thi Hau,090 749 8944
KH-0000000348,Chi Le Huu Mai,092 706 7238
KH-0000000349,Chu Pham Van Thinh,093 901 2698
KH-0000000350,Bac Phan Dinh Long,093 509 8788
KH-0000000351,Chu Pham Van Hau,099 757 4023
KH-0000000352,Chi Pham Huu Binh,093 734 4111
KH-0000000353,Bac Phung Dinh Lan,099 956 8300
KH-0000000354,Anh Pham Van Tien,091 683 8837
KH-0000000355,Anh Do Van Van,093 728 8550
KH-0000000356,Chu Phan Quang Hoang,093 651 8725
KH-0000000357,Anh Pham Xuan Bach,097 681 3143
KH-0000000358,Co Pham Dinh Le,093 724 7284
KH-0000000359,Bac Do Xuan Linh,094 601 3044
KH-0000000360,Co Le Thi Long,094 818 1454
KH-0000000361,Chu Tran Xuan Le,090 977 5200
KH-0000000362,Anh Phung Xuan Bach,091 249 9069
KH-0000000363,Chi Phung Dinh Long,098 526 3902
KH-0000000364,Chu Bui Quang Hau,092 145 3279
KH-0000000365,Chi Do Thi Hoang,095 343 5556
KH-0000000366,Chu Bui Dinh Giang,099 104 1481
KH-0000000367,Anh Phung Van Tien,094 111 2093
KH-0000000368,Chu Le Dinh Minh,093 142 9432
KH-0000000369,Co Nguyen Dinh Chien,096 930 3259
KH-0000000370,Anh Phung Quang Vy,092 875 7253
KH-0000000371,Anh Pham Van Lan,091 533 5680
KH-0000000372,Bac Phung Van Minh,095 976 2748
KH-0000000373,Co Pham Van Tien,096 380 9535
KH-0000000374,Chu Do Quang Chien,093 918 2080
KH-0000000375,Co Le Dinh Ban,091 150 9228
KH-0000000376,Anh Tran Van Chien,090 174 9629
KH-0000000377,Co Le Xuan Chien,096 442 6441
KH-0000000378,Bac Le Dinh Anh,091 449 4318
KH-0000000379,Bac Do Quang Hoang,095 380 2471
KH-0000000380,Anh Phung Xuan Quyet,093 775 1590
KH-0000000381,Chu Tran Xuan Tien,094 736 9634
KH-0000000382,Bac Do Thi An,099 969 8184
KH-0000000383,Chu Le Dinh Vy,099 937 4063
KH-0000000384,Co Tran Van Vy,094 881 5824
KH-0000000385,Bac Le Thi Bach,092 273 4206
KH-0000000386,Anh Nguyen Dinh Linh,095 157 7470
KH-0000000387,Bac Bui Van Mai,097 539 1999
KH-0000000388,Co Phung Xuan Quan,091 141 9600
KH-0000000389,Bac Phan Huu Bach,097 180 8260
KH-0000000390,Anh Pham Dinh Hung,099 604 5273
KH-0000000391,Bac Nguyen Huu Quan,091 963 8975
KH-0000000392,Anh Tran Quang Ban,095 696 2575
KH-0000000393,Bac Phan Dinh Linh,093 133 1373
KH-0000000394,Anh Phung Quang Ban,095 760 1269
KH-0000000395,Co Tran Quang Bach,099 545 6161
KH-0000000396,Anh Le Van Long,095 557 5208
KH-0000000397,Chu Phung Xuan Giang,097 451 3538
KH-0000000398,Bac Bui Xuan Tien,091 105 8222
KH-0000000399,Chu Phan Huu Tien,096 438 2008
KH-0000000400,Bac Phan Quang Hoang,096 597 7177
KH-0000000401,Bac Nguyen Huu Anh,098 608 5691
KH-0000000402,Chu Tran Thi An,091 735 1846
KH-0000000403,Bac Phan Huu Le,098 446 7154
KH-0000000404,Co Tran Thi Vy,096 403 3249
KH-0000000405,Co Bui Thi Vy,098 963 5126
KH-0000000406,Chi Tran Van Tien,099 987 2289
KH-0000000407,Chi Nguyen Thi Anh,094 897 2024
KH-0000000408,Bac Do Dinh Hung,096 421 5060
KH-0000000409,Anh Bui Huu Vy,093 778 4208
KH-0000000410,Co Bui Xuan Chien,094 845 3990
KH-0000000411,Bac Phan Van Le,091 838 3742
KH-0000000412,Co Nguyen Dinh Bach,099 878 2718
KH-0000000413,Bac Phan Quang Hau,093 658 2062
KH-0000000414,Chu Do Thi Hung,091 311 7757
KH-0000000415,Bac Nguyen Thi Long,091 340 1285
KH-0000000416,Chu Phan Xuan Hoang,090 966 6054
KH-0000000417,Chu Do Van Tien,090 159 9845
KH-0000000418,Bac Phan Quang Vy,099 797 4412
KH-0000000419,Chi Pham Dinh Bach,090 946 5166
KH-0000000420,Bac Phan Xuan Hai,091 392 6808
KH-0000000421,Anh Phan Van Thu,099 562 6552
KH-0000000422,Co Bui Huu Hoang,097 437 4066
KH-0000000423,Anh Nguyen Huu Quan,095 818 7201
KH-0000000424,Chu Nguyen Thi Thinh,097 833 2130
KH-0000000425,Chu Nguyen Thi Vy,092 393 6874
KH-0000000426,Co Le Van Hau,093 366 5835
KH-0000000427,Anh Do Xuan Tien,093 892 9010
KH-0000000428,Chu Phan Huu Giang,090 777 2135
KH-0000000429,Chu Le Quang Anh,099 939 5082
KH-0000000430,Bac Nguyen Thi Lan,091 666 1774
KH-0000000431,Bac Phung Quang Giang,098 361 7212
KH-0000000432,Bac Phung Thi Quan,093 943 6166
KH-0000000433,Bac Phung Van Le,090 696 9742
KH-0000000434,Chu Phan Thi Tien,091 114 8879
KH-0000000435,Chi Nguyen Thi Ban,091 350 4725
KH-0000000436,Co Pham Van Tien,099 935 4491
KH-0000000437,Co Phung Xuan Hoang,097 481 9194
KH-0000000438,Chi Nguyen Dinh An,096 208 9743
KH-0000000439,Co Nguyen Thi Quan,096 434 3065
KH-0000000440,Bac Nguyen Dinh Ban,091 687 9179
KH-0000000441,Chi Phung Van An,096 634 3185
KH-0000000442,Anh Tran Thi Thu,094 431 8705
KH-0000000443,Bac Phan Huu Hau,091 164 7969
KH-0000000444,Bac Pham Dinh Hau,093 355 6526
KH-0000000445,Co Tran Quang Hai,094 189 9714
KH-0000000446,Bac Tran Quang Hung,090 851 1351
KH-0000000447,Chu Bui Van Van,097 207 7588
KH-0000000448,Chi Le Thi Le,093 826 8041
KH-0000000449,Anh Tran Van Hoang,090 413 5248
KH-0000000450,Anh Tran Quang Mai,099 798 2430
KH-0000000451,Co Bui Huu Le,093 377 2531
KH-0000000452,Co Tran Huu Hau,093 731 2841
KH-0000000453,Co Nguyen Huu Van,099 396 6699
KH-0000000454,Anh Le Van Minh,096 143 8895
KH-0000000455,Anh Do Quang Binh,094 773 7895
KH-0000000456,Bac Bui Quang Thu,098 601 9424
KH-0000000457,Chi Phung Huu Van,097 847 9275
KH-0000000458,Chi Le Dinh Bach,095 729 3955
KH-0000000459,Anh Bui Dinh Binh,090 212 4633
KH-0000000460,Bac Le Thi Thu,092 654 7342
KH-0000000461,Co Phung Dinh Mai,098 649 2130
KH-0000000462,Co Le Xuan Thinh,098 819 9635
KH-0000000463,Chu Phung Xuan Hung,097 902 4917
KH-0000000464,Chi Do Dinh Mai,092 262 1631
KH-0000000465,Anh Nguyen Dinh Van,096 126 4613
KH-0000000466,Chi Le Van Hoang,098 824 7975
KH-0000000467,Bac Tran Huu Quyet,094 874 7400
KH-0000000468,Chu Nguyen Thi Hoang,093 894 3586
KH-0000000469,Chi Le Quang Tien,093 646 8553
KH-0000000470,Chi Bui Dinh Lan,097 207 2331
KH-0000000471,Anh Tran Van Thu,090 297 6025
KH-0000000472,Bac Phung Huu Bach,097 726 1356
KH-0000000473,Chu Bui Thi Tien,097 548 2964
KH-0000000474,Co Phan Quang Quan,093 498 3288
KH-0000000475,Co Phung Van Hai,097 632 9661
KH-0000000476,Chi Do Quang Mai,099 935 8285
KH-0000000477,Anh Le Xuan Chien,097 839 5160
KH-0000000478,Chu Phan Thi Tien,099 467 2193
KH-0000000479,Chu Nguyen Van Vy,095 132 7612
KH-0000000480,Chi Pham Quang Thinh,093 512 8294
KH-0000000481,Co Le Thi Ban,097 705 8098
KH-0000000482,Chi Nguyen Huu Lan,095 258 4361
KH-0000000483,Chi Phan Dinh Bach,091 645 4652
KH-0000000484,Chi Bui Huu Tien,099 306 6099
KH-0000000485,Bac Nguyen Dinh Anh,099 214 2847
KH-0000000486,Anh Phung Van Quan,094 353 6886
KH-0000000487,Chu Tran Thi Thu,095 292 9131
KH-0000000488,Chu Nguyen Xuan Lan,097 850 5289
KH-0000000489,Co Pham Van Thinh,099 836 6820
KH-0000000490,Bac Bui Van Vy,090 852 6322
KH-0000000491,Anh Do Huu Vy,094 473 6880
KH-0000000492,Chi Phan Thi Quyet,095 792 5753
KH-0000000493,Co Nguyen Quang An,097 493 6847
KH-0000000494,Bac Tran Huu Le,097 279 8276
KH-0000000495,Chu Tran Van Long,096 819 7489
KH-0000000496,Bac Tran Thi Giang,098 177 3302
KH-0000000497,Anh Do Huu Le,096 821 8812
KH-0000000498,Chi Do Thi Hung,092 896 3279
KH-0000000499,Bac Tran Xuan Tien,095 751 5390
KH-0000000500,Chi Nguyen Huu Hung,095 527 4294
KH-0000000501,Chi Phung Van Thinh,091 552 6979
KH-0000000502,Bac Le Xuan Hau,099 847 3769
KH-0000000503,Chu Nguyen Dinh Minh,092 225 4280
KH-0000000504,Co Nguyen Thi Mai,095 711 9109
KH-0000000505,Chu Bui Dinh Tien,094 327 1711
KH-0000000506,Chi Pham Quang Van,098 325 7859
KH-0000000507,Bac Phan Thi Hai,094 547 7028
KH-0000000508,Chi Nguyen Dinh An,096 514 8845
KH-0000000509,Co Do Quang Anh,099 985 4812
KH-0000000510,Chi Bui Huu Hoang,098 600 5323
KH-0000000511,Bac Bui Dinh Hoang,096 465 6750
KH-0000000512,Chu Tran Quang Tien,096 261 1647
KH-0000000513,Chu Phan Quang Quan,098 417 8063
KH-0000000514,Chi Tran Van Anh,099 315 9698
KH-0000000515,Chu Phan Quang Binh,090 727 6306
KH-0000000516,Chi Le Van Hung,098 531 6997
KH-0000000517,Anh Bui Thi Mai,097 938 9578
KH-0000000518,Bac Nguyen Huu Thu,097 572 6572
KH-0000000519,Chu Do Thi Hoang,097 164 6793
KH-0000000520,Anh Bui Van Quan,090 179 4172
KH-0000000521,Chi Phung Quang Thinh,097 514 9584
KH-0000000522,Chi Phan Dinh Long,094 867 1474
KH-0000000523,Bac Do Huu Hau,092 835 1797
KH-0000000524,Bac Phung Dinh Thu,090 694 1474
KH-0000000525,Chu Phan Van Mai,095 616 6211
KH-0000000526,Chu Le Thi Hung,093 739 9038
KH-0000000527,Bac Do Quang Hoang,099 375 2896
KH-0000000528,Anh Phung Van Tien,090 280 2413
KH-0000000529,Co Nguyen Xuan Van,098 954 2180
KH-0000000530,Co Do Thi An,095 104 4053
KH-0000000531,Chu Pham Van Tien,094 204 5202
KH-0000000532,Bac Phung Quang Giang,098 742 5438
KH-0000000533,Bac Phan Dinh Quyet,095 524 6797
KH-0000000534,Chu Phan Xuan Hung,090 676 2035
KH-0000000535,Bac Nguyen Quang Mai,093 575 9571
KH-0000000536,Co Bui Xuan Quan,091 412 1630
KH-0000000537,Chi Bui Dinh Tien,097 952 7117
KH-0000000538,Bac Phung Quang Bach,095 660 2531
KH-0000000539,Co Nguyen Van Le,092 142 1771
KH-0000000540,Anh Phan Xuan Van,094 711 1278
KH-0000000541,Anh Phan Van An,092 798 3757
KH-0000000542,Chi Bui Dinh Long,094 421 2653
KH-0000000543,Bac Do Xuan Vy,099 798 2222
KH-0000000544,Co Phan Thi Tien,090 689 7733
KH-0000000545,Co Nguyen Quang Minh,097 106 3134
KH-0000000546,Chu Do Dinh Tien,099 670 4790
KH-0000000547,Co Phung Dinh Tien,096 244 1655
KH-0000000548,Chi Pham Quang Le,091 418 9759
KH-0000000549,Chu Tran Xuan Ban,094 203 7177
KH-0000000550,Chi Do Quang Hau,097 940 5560
KH-0000000551,Co Phan Dinh Thinh,099 332 6004
KH-0000000552,Bac Tran Huu Hau,099 504 6628
KH-0000000553,Chi Nguyen Van Vy,097 884 7679
KH-0000000554,Bac Phan Thi Chien,098 670 1640
KH-0000000555,Chu Nguyen Van Thu,091 308 5711
KH-0000000556,Bac Nguyen Thi Thu,093 473 8058
KH-0000000557,Bac Le Quang Chien,097 857 8826
KH-0000000558,Chu Phung Quang Thu,094 779 4031
KH-0000000559,Chu Nguyen Dinh Mai,093 575 1503
KH-0000000560,Chu Do Huu Thinh,092 713 2874
KH-0000000561,Co Do Dinh Tien,097 380 6235
KH-0000000562,Bac Nguyen Huu Hung,095 644 8248
KH-0000000563,Bac Phan Huu Linh,091 856 5902
KH-0000000564,Chi Nguyen Xuan Van,096 287 7864
KH-0000000565,Bac Bui Huu Minh,091 841 4796
KH-0000000566,Co Tran Huu Giang,093 914 7545
KH-0000000567,Co Phung Huu Mai,090 764 5150
KH-0000000568,Anh Pham Quang An,090 592 4452
KH-0000000569,Co Bui Quang Hung,099 626 2872
KH-0000000570,Anh Le Quang Van,099 431 9788
KH-0000000571,Anh Phung Huu Hoang,094 694 3634
KH-0000000572,Co Phung Van Anh,098 764 5067
KH-0000000573,Co Do Xuan Quan,094 504 5679
KH-0000000574,Chu Phan Van Thinh,096 458 1997
KH-0000000575,Bac Do Van An,099 198 5818
KH-0000000576,Bac Nguyen Van Lan,093 454 3596
KH-0000000577,Chu Pham Huu Chien,090 188 7611
KH-0000000578,Chu Phung Huu Minh,091 598 7976
KH-0000000579,Chu Phan Huu An,099 824 3607
KH-0000000580,Chi Tran Thi Minh,094 674 7223
KH-0000000581,Chi Pham Dinh An,093 935 2885
KH-0000000582,Chu Do Thi Linh,094 846 9441
KH-0000000583,Bac Pham Huu Van,091 269 3290
KH-0000000584,Co Phung Van Mai,097 301 7311
KH-0000000585,Bac Do Dinh Hung,094 136 9084
KH-0000000586,Bac Tran Xuan Lan,096 565 3008
KH-0000000587,Chi Nguyen Van Tien,091 137 3110
KH-0000000588,Bac Bui Huu Linh,090 390 7148
KH-0000000589,Bac Do Xuan Giang,097 503 5948
KH-0000000590,Bac Do Van Quyet,096 867 5771
KH-0000000591,Anh Bui Huu Van,092 621 2087
KH-0000000592,Co Pham Dinh Giang,099 462 2429
KH-0000000593,Chi Bui Xuan Quyet,093 113 2853
KH-0000000594,Bac Bui Quang Minh,093 643 1672
KH-0000000595,Co Pham Huu Mai,090 193 5252
KH-0000000596,Chu Pham Xuan Long,099 132 4329
KH-0000000597,Co Phung Huu Van,097 754 2769
KH-0000000598,Co Nguyen Quang Giang,091 961 7456
KH-0000000599,Co Tran Xuan An,095 693 8321
KH-0000000600,Chu Phan Huu Lan,094 858 2459
KH-0000000601,Bac Phung Thi Chien,098 184 6186
KH-0000000602,Co Tran Van Binh,093 967 4578
KH-0000000603,Chi Pham Xuan An,097 696 7314
KH-0000000604,Anh Phan Van Le,091 146 7528
KH-0000000605,Bac Bui Quang Linh,097 565 8376
KH-0000000606,Chi Nguyen Van Quyet,095 251 3849
KH-0000000607,Anh Phung Quang Van,094 720 7255
KH-0000000608,Bac Pham Xuan Tien,098 986 2065
KH-0000000609,Chi Bui Thi Mai,098 302 6247
KH-0000000610,Chi Tran Quang An,091 294 8969
KH-0000000611,Co Le Xuan Giang,098 365 4373
KH-0000000612,Bac Pham Quang Long,091 978 3689
KH-0000000613,Chi Tran Thi Minh,098 980 2282
KH-0000000614,Co Pham Thi Binh,092 812 4638
KH-0000000615,Anh Tran Van Hung,095 148 7225
KH-0000000616,Chu Tran Dinh Mai,096 858 2349
KH-0000000617,Chu Phan Quang Tien,097 384 5882
KH-0000000618,Anh Le Xuan Thu,098 302 7837
KH-0000000619,Chu Phan Xuan Hai,095 265 6711
KH-0000000620,Co Phan Quang Bach,098 530 6048
KH-0000000621,Anh Le Xuan Thu,098 602 8304
KH-0000000622,Chu Nguyen Quang Hung,091 842 6345
KH-0000000623,Chi Do Huu Bach,098 619 5115
KH-0000000624,Chi Phung Van Vy,098 937 5236
KH-0000000625,Chu Bui Dinh Hung,094 794 9576
KH-0000000626,Chu Tran Dinh Hau,090 427 3029
KH-0000000627,Bac Phan Quang Mai,099 787 5149
KH-0000000628,Chu Tran Xuan Mai,096 391 6659
KH-0000000629,Chu Phan Thi Hai,095 263 8964
KH-0000000630,Co Tran Dinh Bach,099 817 4888
KH-0000000631,Chi Nguyen Thi Linh,095 234 7857
KH-0000000632,Chi Le Xuan Ban,094 206 1638
KH-0000000633,Chu Bui Quang Ban,091 450 8280
KH-0000000634,Chu Tran Van Quan,093 143 7024
KH-0000000635,Chi Bui Thi Lan,094 281 7291
KH-0000000636,Bac Nguyen Xuan Hoang,097 605 2668
KH-0000000637,Co Phung Dinh Chien,099 546 2008
KH-0000000638,Anh Tran Van Hoang,093 176 3920
KH-0000000639,Bac Nguyen Dinh Chien,098 525 5339
KH-0000000640,Chi Tran Quang Thinh,097 788 8265
KH-0000000641,Chi Le Dinh Thinh,096 740 5198
KH-0000000642,Bac Bui Van Long,093 984 8895
KH-0000000643,Anh Le Van Giang,090 145 9320
KH-0000000644,Co Le Quang Bach,091 730 5378
KH-0000000645,Chu Bui Van Long,093 163 9788
KH-0000000646,Chi Do Huu Quyet,090 323 6489
KH-0000000647,Anh Le Thi Vy,097 145 5398
KH-0000000648,Anh Bui Van Minh,097 268 4513
KH-0000000649,Chu Do Van Vy,095 222 4319
KH-0000000650,Bac Do Xuan Hoang,092 115 3562
KH-0000000651,Anh Nguyen Quang Binh,096 924 4808
KH-0000000652,Co Pham Xuan Vy,098 714 6078
KH-0000000653,Co Phung Dinh Bach,099 294 1999
KH-0000000654,Anh Pham Thi Lan,092 945 8907
KH-0000000655,Chi Tran Dinh Hau,097 578 7092
KH-0000000656,Co Bui Xuan Hung,091 839 6580
KH-0000000657,Chi Le Van Minh,093 396 1482
KH-0000000658,Bac Tran Xuan An,092 194 7288
KH-0000000659,Chu Bui Quang Long,093 133 3201
KH-0000000660,Chu Nguyen Quang Ban,098 840 6475
KH-0000000661,Chi Nguyen Xuan Vy,099 672 5129
KH-0000000662,Co Bui Xuan Tien,098 150 9216
KH-0000000663,Co Phung Thi Lan,094 809 9125
KH-0000000664,Co Phung Huu Long,090 680 7048
KH-0000000665,Anh Nguyen Xuan Tien,099 509 9155
KH-0000000666,Chu Phung Van Linh,096 713 2740
KH-0000000667,Bac Phung Quang Ban,093 714 6412
KH-0000000668,Bac Phung Thi Hai,093 538 6321
KH-0000000669,Chu Pham Van Bach,093 372 9858
KH-0000000670,Co Tran Van An,099 917 4772
KH-0000000671,Anh Nguyen Thi Van,097 679 6584
KH-0000000672,Co Le Xuan Hung,091 546 2217
KH-0000000673,Co Phung Thi Hung,095 680 5106
KH-0000000674,Chu Nguyen Quang Tien,090 836 2847
KH-0000000675,Chu Nguyen Thi Chien,099 924 9866
KH-0000000676,Bac Phan Xuan Van,097 170 8803
KH-0000000677,Chu Bui Van Van,096 756 4111
KH-0000000678,Bac Pham Xuan Ban,097 260 3991
KH-0000000679,Bac Pham Xuan Le,091 514 3156
KH-0000000680,Chi Nguyen Dinh Anh,094 767 5604
KH-0000000681,Chu Phan Dinh Le,093 894 5155
KH-0000000682,Chi Nguyen Dinh Thinh,092 610 6689
KH-0000000683,Co Phung Xuan Vy,098 836 4091
KH-0000000684,Chi Bui Huu Vy,099 534 8351
KH-0000000685,Chu Do Thi Hung,095 302 2314
KH-0000000686,Chi Do Quang Minh,093 188 9227
KH-0000000687,Chu Nguyen Quang Minh,098 455 5970
KH-0000000688,Co Phung Huu Hung,094 608 4265
KH-0000000689,Chi Le Xuan Hai,092 116 4030
KH-0000000690,Chu Pham Van Tien,091 613 1661
KH-0000000691,Chi Do Huu Hoang,095 561 6868
KH-0000000692,Chu Bui Van Thinh,097 851 1360
KH-0000000693,Co Phung Xuan Hai,099 748 4652
KH-0000000694,Bac Do Quang Hai,096 467 2422
KH-0000000695,Bac Phan Huu Mai,090 963 6486
KH-0000000696,Co Do Van Minh,098 682 5934
KH-0000000697,Bac Do Thi Anh,096 105 6865
KH-0000000698,Chu Le Dinh Hung,092 483 2735
KH-0000000699,Anh Phung Van Bach,096 380 7641
KH-0000000700,Anh Le Dinh An,099 752 1869
KH-0000000701,Co Nguyen Xuan Vy,096 712 8195
KH-0000000702,Anh Phung Van Van,092 547 2628
KH-0000000703,Chi Phung Van An,093 358 8893
KH-0000000704,Chu Bui Van Hoang,090 359 5673
KH-0000000705,Chu Phan Thi Ban,091 301 7529
KH-0000000706,Chi Bui Dinh Hau,096 612 1558
KH-0000000707,Chu Do Thi Lan,098 723 3716
KH-0000000708,Anh Nguyen Huu Hung,092 431 7448
KH-0000000709,Chu Do Thi Binh,092 463 9284
KH-0000000710,Chu Do Van Thu,094 681 2967
KH-0000000711,Co Tran Quang An,090 341 7469
KH-0000000712,Chi Tran Dinh Quyet,093 127 9541
KH-0000000713,Chu Le Xuan Binh,097 924 5826
KH-0000000714,Chi Phung Van Anh,097 228 5233
KH-0000000715,Chi Tran Quang Van,095 284 1463
KH-0000000716,Chu Phung Thi Quyet,092 816 4518
KH-0000000717,Chi Nguyen Quang Ban,093 672 1258
KH-0000000718,Bac Phan Huu Chien,097 718 4322
KH-0000000719,Anh Pham Dinh Chien,094 983 2348
KH-0000000720,Co Tran Huu Lan,090 909 5164
KH-0000000721,Bac Bui Dinh Ban,095 120 5502
KH-0000000722,Chu Bui Huu An,096 151 9164
KH-0000000723,Anh Phan Quang Mai,098 249 7424
KH-0000000724,Chi Bui Xuan Long,095 720 3202
KH-0000000725,Anh Phan Van Binh,095 624 8027
KH-0000000726,Chu Phan Thi Linh,094 306 7067
KH-0000000727,Co Phan Xuan Vy,092 731 8308
KH-0000000728,Chi Pham Quang Thu,099 770 5748
KH-0000000729,Chi Do Thi Chien,099 492 2512
KH-0000000730,Anh Nguyen Quang Ban,091 395 2498
KH-0000000731,Bac Tran Dinh Binh,095 957 7478
KH-0000000732,Co Nguyen Thi An,093 184 1788
KH-0000000733,Chi Do Huu Linh,093 801 8144
KH-0000000734,Anh Tran Thi Tien,094 886 2787
KH-0000000735,Bac Phan Xuan Tien,091 148 6474
KH-0000000736,Chi Phan Van Thinh,092 797 4938
KH-0000000737,Co Nguyen Huu Linh,096 431 1442
KH-0000000738,Chu Le Van Tien,096 740 6177
KH-0000000739,Co Le Huu Hau,092 865 1269
KH-0000000740,Co Phan Huu Chien,090 485 4398
KH-0000000741,Chu Pham Dinh Le,090 697 2055
KH-0000000742,Chu Pham Quang Le,096 238 2556
KH-0000000743,Chu Le Xuan Thinh,090 655 7729
KH-0000000744,Chi Bui Dinh Bach,090 564 6345
KH-0000000745,Chu Phan Thi Mai,097 496 9448
KH-0000000746,Bac Le Xuan Binh,099 795 8193
KH-0000000747,Bac Phung Huu Long,092 400 8271
KH-0000000748,Bac Bui Quang Mai,091 407 8442
KH-0000000749,Anh Do Dinh Linh,099 848 3337
KH-0000000750,Chu Bui Huu Quan,091 543 3723
KH-0000000751,Bac Pham Xuan Van,096 349 6216
KH-0000000752,Bac Pham Quang Van,091 740 7355
KH-0000000753,Bac Tran Thi Thinh,097 665 2406
KH-0000000754,Chi Le Dinh Thinh,096 979 4220
KH-0000000755,Anh Nguyen Van Hau,091 230 8910
KH-0000000756,Anh Bui Thi Hai,097 472 4711
KH-0000000757,Chi Le Huu Mai,093 608 8450
KH-0000000758,Anh Phan Huu Quan,099 584 1440
KH-0000000759,Bac Bui Van Binh,094 448 4011
KH-0000000760,Anh Phan Quang Giang,095 471 9080
KH-0000000761,Chu Phan Quang Thinh,094 784 7106
KH-0000000762,Anh Phan Xuan Van,097 141 8618
KH-0000000763,Co Do Huu Tien,092 794 3160
KH-0000000764,Chi Pham Van Quyet,091 667 8903
KH-0000000765,Co Bui Van Long,096 147 2823
KH-0000000766,Chu Bui Dinh Binh,093 858 7240
KH-0000000767,Chu Tran Dinh Quan,090 976 6254
KH-0000000768,Bac Le Van Vy,092 498 8017
KH-0000000769,Chu Phung Thi Quan,091 230 2948
KH-0000000770,Anh Phung Huu Tien,097 157 7599
KH-0000000771,Chu Do Huu Quyet,095 362 4355
KH-0000000772,Co Phung Quang Binh,093 213 8134
KH-0000000773,Chi Tran Quang Linh,094 350 2482
KH-0000000774,Chi Do Quang Quan,098 877 9111
KH-0000000775,Chu Phan Quang Hai,097 939 8071
KH-0000000776,Co Do Van Le,098 690 3823
KH-0000000777,Co Pham Huu Vy,090 110 5861
KH-0000000778,Chu Bui Xuan Linh,096 136 2903
KH-0000000779,Anh Bui Dinh Van,098 175 5687
KH-0000000780,Bac Nguyen Van Lan,096 464 7432
KH-0000000781,Co Phung Xuan Minh,090 970 1306
KH-0000000782,Chu Phung Xuan Long,097 692 5171
KH-0000000783,Anh Phan Thi Le,095 363 4978
KH-0000000784,Chu Pham Thi Tien,091 742 7423
KH-0000000785,Chi Le Xuan Quan,090 262 2560
KH-0000000786,Chi Do Quang Vy,099 475 4896
KH-0000000787,Bac Bui Dinh Thinh,094 585 8195
KH-0000000788,Co Bui Xuan Quyet,090 794 9816
KH-0000000789,Chu Le Huu Hau,090 500 4992
KH-0000000790,Chi Bui Quang Quyet,093 823 2492
KH-0000000791,Chi Pham Xuan Hau,094 120 4895
KH-0000000792,Chu Pham Quang Quyet,095 977 9064
KH-0000000793,Co Tran Xuan Hau,090 505 9592
KH-0000000794,Bac Pham Dinh Mai,095 751 8287
KH-0000000795,Co Tran Dinh Van,098 550 7537
KH-0000000796,Anh Phung Xuan Bach,090 499 3377
KH-0000000797,Anh Tran Thi Chien,098 606 8051
KH-0000000798,Anh Pham Xuan Hoang,099 757 8425
KH-0000000799,Anh Phung Quang Chien,096 602 1521
KH-0000000800,Bac Nguyen Van Thinh,093 652 6873
KH-0000000801,Co Le Van Long,091 645 1573
KH-0000000802,Bac Pham Xuan Minh,091 824 7963
KH-0000000803,Chi Bui Van Thinh,090 866 7297
KH-0000000804,Co Nguyen Dinh Hau,096 929 6017
KH-0000000805,Chi Nguyen Quang An,095 503 5764
KH-0000000806,Co Phan Dinh Thinh,091 231 1448
KH-0000000807,Anh Bui Dinh An,097 719 9447
KH-0000000808,Bac Le Xuan Tien,095 510 3841
KH-0000000809,Chu Phan Dinh Minh,094 964 5967
KH-0000000810,Anh Tran Huu Tien,099 752 5126
KH-0000000811,Chu Pham Dinh Van,090 844 1361
KH-0000000812,Anh Phan Thi Tien,090 866 7928
KH-0000000813,Chu Phan Thi Hoang,091 889 3105
KH-0000000814,Chu Do Dinh Long,097 243 3500
KH-0000000815,Co Nguyen Van Lan,098 771 6509
KH-0000000816,Chi Do Thi Anh,091 303 1435
KH-0000000817,Bac Nguyen Huu Mai,097 314 7759
KH-0000000818,Bac Do Thi Tien,091 345 7871
KH-0000000819,Chi Nguyen Huu Linh,094 673 5393
KH-0000000820,Co Nguyen Quang Quan,092 419 3825
KH-0000000821,Co Nguyen Thi Tien,096 940 2669
KH-0000000822,Anh Nguyen Quang Tien,093 293 2612
KH-0000000823,Bac Le Quang Van,098 797 4792
KH-0000000824,Co Nguyen Dinh Minh,097 507 7669
KH-0000000825,Anh Pham Quang Quyet,095 876 6703
KH-0000000826,Anh Phan Quang Hung,093 918 6469
KH-0000000827,Chi Phan Xuan Van,091 694 2009
KH-0000000828,Bac Phung Dinh Van,093 183 5363
KH-0000000829,Bac Tran Dinh Bach,092 862 6476
KH-0000000830,Chu Tran Xuan Chien,097 550 6204
KH-0000000831,Anh Tran Thi Hau,091 927 7088
KH-0000000832,Anh Bui Van Le,091 667 9603
KH-0000000833,Chu Nguyen Dinh Tien,097 828 1865
KH-0000000834,Chi Nguyen Xuan Quan,093 691 1785
KH-0000000835,Chi Bui Xuan Hau,094 101 4393
KH-0000000836,Chi Nguyen Xuan Chien,093 790 6395
KH-0000000837,Chu Pham Thi Hoang,096 728 1722
KH-0000000838,Co Nguyen Quang Tien,092 514 7433
KH-0000000839,Anh Pham Quang Tien,090 246 2166
KH-0000000840,Anh Phung Van Chien,093 575 5472
KH-0000000841,Chi Bui Van Thinh,093 956 4198
KH-0000000842,Chi Le Thi Quyet,099 958 3265
KH-0000000843,Chi Phung Huu An,091 574 4419
KH-0000000844,Anh Do Van Thinh,098 552 3715
KH-0000000845,Co Tran Van Tien,098 931 5909
KH-0000000846,Chu Phan Huu Le,090 831 2986
KH-0000000847,Co Nguyen Quang Le,096 294 3333
KH-0000000848,Anh Le Huu Ban,097 559 9132
KH-0000000849,Co Le Thi Chien,091 156 8766
KH-0000000850,Co Pham Van Bach,098 649 9702
KH-0000000851,Chi Tran Quang Hung,098 622 5067
KH-0000000852,Bac Do Van Giang,099 362 8661
KH-0000000853,Chi Tran Thi Vy,095 554 9046
KH-0000000854,Bac Nguyen Quang Hai,097 964 4923
KH-0000000855,Chi Bui Xuan Van,095 557 3412
KH-0000000856,Chi Le Xuan Quan,090 982 5231
KH-0000000857,Co Tran Van Hai,096 955 2017
KH-0000000858,Anh Phan Huu Tien,098 300 4936
KH-0000000859,Co Phan Xuan Tien,096 394 8291
KH-0000000860,Chu Le Dinh Thinh,093 779 6626
KH-0000000861,Chu Nguyen Van Le,095 276 6293
KH-0000000862,Chi Tran Quang Binh,092 641 5870
KH-0000000863,Bac Phan Van Thinh,091 508 7057
KH-0000000864,Anh Do Thi Anh,093 841 3789
KH-0000000865,Co Phung Quang Le,091 398 6604
KH-0000000866,Co Do Xuan Ban,092 948 1387
KH-0000000867,Chu Phung Dinh Quyet,097 607 6384
KH-0000000868,Bac Phung Quang Quan,098 360 8193
KH-0000000869,Anh Bui Dinh Hoang,099 155 3834
KH-0000000870,Anh Phan Quang Hung,090 425 4567
KH-0000000871,Chi Le Huu Giang,096 911 3342
KH-0000000872,Chu Tran Dinh Hau,095 186 8277
KH-0000000873,Anh Pham Thi Giang,096 127 5318
KH-0000000874,Bac Pham Xuan Lan,096 573 4575
KH-0000000875,Chi Phan Van Linh,094 409 8814
KH-0000000876,Co Pham Huu Binh,094 319 3877
KH-0000000877,Anh Nguyen Xuan Thu,093 318 1949
KH-0000000878,Chu Le Quang Tien,090 216 7260
KH-0000000879,Bac Do Van Hai,092 184 7511
KH-0000000880,Chu Pham Quang Quan,096 220 8096
KH-0000000881,Chu Phan Van Mai,092 669 1398
KH-0000000882,Anh Do Quang Vy,098 744 7291
KH-0000000883,Bac Tran Xuan Long,093 980 2332
KH-0000000884,Chu Tran Huu Bach,093 444 4508
KH-0000000885,Co Do Van Quyet,095 394 1622
KH-0000000886,Chu Bui Quang Tien,095 390 4848
KH-0000000887,Chi Tran Dinh Hoang,098 212 3325
KH-0000000888,Chi Tran Thi Ban,093 811 4678
KH-0000000889,Bac Nguyen Xuan Tien,096 944 9370
KH-0000000890,Chi Do Van Quan,098 787 2534
KH-0000000891,Chu Phan Quang Long,099 468 3233
KH-0000000892,Chu Phung Huu Van,096 783 5565
KH-0000000893,Chi Nguyen Thi Quan,096 762 2983
KH-0000000894,Chi Tran Dinh Anh,099 935 2951
KH-0000000895,Bac Do Huu Van,092 541 7147
KH-0000000896,Bac Phung Thi Tien,096 515 7378
KH-0000000897,Chu Tran Dinh Lan,099 507 7813
KH-0000000898,Chu Pham Van Lan,091 552 4638
KH-0000000899,Anh Do Xuan Thu,097 302 6665
KH-0000000900,Co Tran Quang Hoang,095 448 7923
KH-0000000901,Anh Do Xuan Van,090 350 7120
KH-0000000902,Co Tran Thi Hai,092 874 2911
KH-0000000903,Chi Bui Huu Chien,094 533 4855
KH-0000000904,Bac Le Quang Long,098 431 2006
KH-0000000905,Chu Bui Quang An,091 457 4235
KH-0000000906,Co Pham Huu Bach,095 166 8409
KH-0000000907,Chi Bui Xuan Quan,098 555 8916
KH-0000000908,Chu Phan Van Anh,094 689 9442
KH-0000000909,Co Phan Xuan Quyet,099 188 6759
KH-0000000910,Co Tran Dinh Thu,092 223 8630
KH-0000000911,Anh Le Dinh Hau,095 111 8736
KH-0000000912,Bac Nguyen Xuan Hai,092 781 4513
KH-0000000913,Anh Tran Van Bach,097 567 1403
KH-0000000914,Bac Tran Huu Hai,098 678 2684
KH-0000000915,Co Phan Xuan Long,097 535 3243
KH-0000000916,Anh Do Huu Long,095 655 2730
KH-0000000917,Bac Nguyen Xuan Tien,097 850 6459
KH-0000000918,Co Phan Huu Hau,093 147 9726
KH-0000000919,Chu Le Dinh Bach,096 201 4288
KH-0000000920,Bac Do Huu Long,099 617 6222
KH-0000000921,Chi Tran Dinh Hai,099 909 4147
KH-0000000922,Bac Phung Xuan Le,091 541 2918
KH-0000000923,Bac Phan Huu An,094 555 9299
KH-0000000924,Co Nguyen Dinh Bach,095 275 5150
KH-0000000925,Anh Bui Quang Ban,099 560 4536
KH-0000000926,Co Le Dinh Lan,099 250 4959
KH-0000000927,Bac Phan Thi Quan,098 613 8354
KH-0000000928,Bac Pham Xuan Ban,090 272 8323
KH-0000000929,Chi Do Xuan Minh,099 264 3379
KH-0000000930,Co Nguyen Van Minh,092 819 6770
KH-0000000931,Bac Bui Xuan Thu,096 445 4073
KH-0000000932,Chi Phan Van Lan,094 111 1505
KH-0000000933,Anh Nguyen Xuan Van,098 234 7982
KH-0000000934,Anh Nguyen Xuan Lan,095 780 6325
KH-0000000935,Chu Pham Xuan Hau,092 519 6600
KH-0000000936,Chu Le Quang Bach,097 279 9079
KH-0000000937,Co Le Quang Quan,091 384 4525
KH-0000000938,Chu Tran Huu Chien,096 866 4277
KH-0000000939,Anh Phan Thi Long,097 561 1375
KH-0000000940,Co Nguyen Xuan Hai,092 543 3724
KH-0000000941,Anh Tran Van Binh,090 666 5110
KH-0000000942,Chu Le Van Hai,097 938 5410
KH-0000000943,Bac Nguyen Xuan Thinh,096 951 7079
KH-0000000944,Chi Phan Xuan Thinh,094 494 3402
KH-0000000945,Co Pham Dinh Mai,091 322 9654
KH-0000000946,Chi Phung Van Hung,097 641 6759
KH-0000000947,Chu Phung Dinh Tien,092 696 6453
KH-0000000948,Anh Tran Xuan Vy,092 825 8715
KH-0000000949,Chi Do Dinh Minh,090 296 3097
KH-0000000950,Chi Le Xuan Vy,090 788 8621
KH-0000000951,Chu Tran Van Lan,099 928 3773
KH-0000000952,Chi Tran Dinh Hung,090 265 4922
KH-0000000953,Bac Phung Van Thinh,092 416 5477
KH-0000000954,Co Nguyen Quang Quyet,095 983 8642
KH-0000000955,Anh Bui Quang Van,095 672 1631
KH-0000000956,Chu Le Xuan Anh,090 888 4005
KH-0000000957,Chu Phan Van Lan,096 824 4478
KH-0000000958,Anh Phan Van Hoang,093 410 5782
KH-0000000959,Anh Bui Quang Hung,098 764 2275
KH-0000000960,Anh Do Xuan Vy,093 290 8355
KH-0000000961,Chi Le Van Van,095 671 6168
KH-0000000962,Co Pham Van Hoang,091 903 4614
KH-0000000963,Bac Pham Quang An,094 481 6585
KH-0000000964,Chu Phung Quang Lan,094 983 5704
KH-0000000965,Co Tran Quang Hai,099 752 4669
KH-0000000966,Co Do Thi Ban,096 742 6629
KH-0000000967,Chi Nguyen Huu Quyet,093 951 5716
KH-0000000968,Bac Pham Quang Van,093 264 5309
KH-0000000969,Co Tran Van Bach,092 367 3914
KH-0000000970,Co Phung Thi Thinh,092 686 5389
KH-0000000971,Chu Bui Quang Vy,096 578 7608
KH-0000000972,Bac Le Van Thinh,098 396 4542
KH-0000000973,Chi Phung Van Quan,098 954 2323
KH-0000000974,Bac Do Van Tien,095 382 8764
KH-0000000975,Bac Phung Huu Vy,091 315 6628
KH-0000000976,Bac Bui Van An,098 801 3845
KH-0000000977,Chi Phung Thi Vy,094 725 5759
KH-0000000978,Chi Bui Xuan Giang,090 160 7799
KH-0000000979,Chu Phung Thi Minh,098 579 8703
KH-0000000980,Chu Pham Xuan Ban,096 508 1781
KH-0000000981,Co Pham Thi Thinh,090 626 8933
KH-0000000982,Bac Nguyen Xuan Tien,093 719 5180
KH-0000000983,Bac Bui Huu Hai,092 875 7402
KH-0000000984,Chi Le Dinh Hoang,090 541 6125
KH-0000000985,Bac Phan Quang Quan,091 224 4332
KH-0000000986,Chu Nguyen Huu Hau,098 336 2632
KH-0000000987,Chu Phan Thi Bach,091 946 5170
KH-0000000988,Chu Phan Quang Chien,097 803 2359
KH-0000000989,Anh Phan Thi Le,092 610 9031
KH-0000000990,Chu Nguyen Quang Ban,097 484 3006
KH-0000000991,Chi Le Xuan Long,093 941 3383
KH-0000000992,Bac Le Thi Le,092 456 8373
KH-0000000993,Chu Nguyen Huu Quyet,093 980 2648
KH-0000000994,Co Phung Dinh Minh,097 388 8898
KH-0000000995,Anh Le Thi Minh,096 419 8191
KH-0000000996,Bac Do Huu Van,091 785 2051
KH-0000000997,Chu Tran Xuan An,096 510 4100
KH-0000000998,Bac Phan Quang Van,091 840 5867
KH-0000000999,Chi Do Quang Tien,097 413 6593
KH-0000001000,Chi Pham Xuan Hai,091 885 6784
KH-0000001001,Bac Nguyen Van Linh,096 940 6619
KH-0000001002,Chi Phung Dinh Minh,097 987 1889
KH-0000001003,Bac Phung Quang Binh,098 379 6364
KH-0000001004,Co Phan Thi Minh,091 113 6678
KH-0000001005,Chi Do Quang Tien,095 224 9548
KH-0000001006,Bac Bui Quang Thinh,095 351 6997
KH-0000001007,Chu Phung Thi Bach,094 700 8681
KH-0000001008,Chu Tran Dinh Mai,098 306 7462
KH-0000001009,Co Phung Xuan Giang,092 603 7419
KH-0000001010,Anh Phung Van Quyet,092 762 4214
KH-0000001011,Chi Phan Quang Long,099 529 1304
KH-0000001012,Bac Phung Van Le,095 603 5786
KH-0000001013,Co Phan Van Anh,094 464 7211
KH-0000001014,Anh Pham Dinh Minh,091 283 4264
KH-0000001015,Anh Pham Dinh Long,094 783 6790
KH-0000001016,Bac Pham Thi Mai,098 623 9042
KH-0000001017,Co Bui Huu Tien,099 168 9491
KH-0000001018,Chu Tran Thi Quan,091 331 8104
KH-0000001019,Chi Pham Thi Le,093 677 3066
KH-0000001020,Chu Phan Thi Hoang,094 861 5877
KH-0000001021,Co Phung Huu Thu,094 855 6232
KH-0000001022,Chi Pham Xuan Lan,098 448 6850
KH-0000001023,Anh Phung Thi Hung,098 951 4818
KH-0000001024,Bac Phung Dinh Tien,093 824 8498
KH-0000001025,Anh Nguyen Thi Quyet,093 295 5145
KH-0000001026,Anh Nguyen Thi Hung,094 379 8137
KH-0000001027,Chi Phung Xuan Chien,099 567 7350
KH-0000001028,Anh Do Van Lan,097 889 5002
KH-0000001029,Bac Nguyen Xuan Linh,098 330 8133
KH-0000001030,Co Le Van Tien,092 426 4286
KH-0000001031,Chi Do Quang Mai,099 213 8045
KH-0000001032,Chu Tran Thi An,095 897 4845
KH-0000001033,Chi Nguyen Thi Mai,091 919 4237
KH-0000001034,Co Pham Huu Lan,094 854 8682
KH-0000001035,Chi Do Huu Thu,096 953 8914
KH-0000001036,Anh Pham Xuan Quyet,095 197 9302
KH-0000001037,Co Phan Quang Hung,091 330 5915
KH-0000001038,Bac Tran Quang Le,091 352 1320
KH-0000001039,Co Bui Van Vy,095 899 9098
KH-0000001040,Bac Phan Van An,095 773 2131
KH-0000001041,Anh Phan Quang An,090 118 8743
KH-0000001042,Co Phung Van Tien,099 109 4577
KH-0000001043,Chi Phung Van Anh,094 778 3504
KH-0000001044,Co Tran Van Hau,094 225 3946
KH-0000001045,Chu Phan Quang Anh,094 137 4363
KH-0000001046,Co Tran Huu Long,099 616 1801
KH-0000001047,Chu Pham Van Chien,094 306 6089
KH-0000001048,Bac Do Xuan Minh,099 281 7625
KH-0000001049,Bac Nguyen Quang Lan,094 949 4521
KH-0000001050,Anh Phan Huu Chien,094 699 8063
KH-0000001051,Co Tran Thi Giang,095 370 3322
KH-0000001052,Co Nguyen Xuan Thinh,092 375 8554
KH-0000001053,Anh Phung Dinh Mai,092 624 7044
KH-0000001054,Anh Bui Xuan Hung,099 853 5893
KH-0000001055,Co Le Quang Mai,096 836 2656
KH-0000001056,Co Phung Dinh Quan,094 714 8231
KH-0000001057,Bac Phung Thi Tien,097 537 9652
KH-0000001058,Anh Tran Thi Minh,092 755 9845
KH-0000001059,Anh Do Quang Minh,093 615 8403
KH-0000001060,Chu Le Quang Anh,093 289 2230
KH-0000001061,Bac Phung Xuan Hau,093 120 5343
KH-0000001062,Chi Nguyen Quang Linh,091 435 4397
KH-0000001063,Co Do Van Le,091 282 1413
KH-0000001064,Chu Phan Quang An,095 486 8743
KH-0000001065,Anh Phan Quang Bach,094 986 7483
KH-0000001066,Chi Tran Quang Quyet,092 726 6678
KH-0000001067,Chi Phan Dinh Chien,098 287 6293
KH-0000001068,Bac Nguyen Quang Linh,099 672 9693
KH-0000001069,Chi Tran Van Minh,093 301 2595
KH-0000001070,Anh Tran Xuan Quyet,092 484 6679
KH-0000001071,Chu Phung Xuan Long,097 181 5170
KH-0000001072,Chu Pham Quang Bach,095 741 2320
KH-0000001073,Chi Bui Xuan Binh,095 376 1706
KH-0000001074,Chi Bui Dinh Thu,093 155 8016
KH-0000001075,Anh Pham Thi Minh,091 106 2051
KH-0000001076,Anh Phung Quang Giang,099 200 8128
KH-0000001077,Chu Nguyen Quang Ban,090 644 8321
KH-0000001078,Bac Nguyen Thi Le,095 120 8210
KH-0000001079,Co Phung Thi Lan,092 638 8938
KH-0000001080,Co Pham Xuan Long,097 441 8999
KH-0000001081,Co Do Huu Mai,094 116 8553
KH-0000001082,Chi Do Dinh Thinh,093 751 5437
KH-0000001083,Bac Phan Xuan Lan,099 611 3111
KH-0000001084,Bac Le Dinh Hai,096 334 2714
KH-0000001085,Chi Pham Dinh Hung,098 726 7425
KH-0000001086,Chu Do Quang Minh,097 747 5718
KH-0000001087,Chu Bui Xuan Bach,099 566 9104
KH-0000001088,Co Le Thi Hung,095 573 1270
KH-0000001089,Anh Tran Thi Anh,092 292 2076
KH-0000001090,Anh Tran Quang Quyet,097 978 4263
KH-0000001091,Bac Le Thi An,099 234 3037
KH-0000001092,Anh Phung Xuan Vy,092 891 3100
KH-0000001093,Bac Nguyen Xuan Quyet,094 776 4727
KH-0000001094,Chi Bui Huu Ban,096 545 4179
KH-0000001095,Co Tran Huu Thinh,096 744 5098
KH-0000001096,Co Nguyen Thi Van,098 597 8827
KH-0000001097,Anh Nguyen Van Long,091 381 7547
KH-0000001098,Chi Do Thi Van,097 670 8919
KH-0000001099,Co Do Quang Linh,098 743 6172
KH-0000001100,Bac Le Quang Hai,096 976 6331
KH-0000001101,Chu Bui Xuan Long,096 226 5597
KH-0000001102,Bac Tran Huu Giang,092 722 6020
KH-0000001103,Chu Tran Dinh Anh,093 763 7103
KH-0000001104,Co Tran Dinh Lan,091 470 3025
KH-0000001105,Chi Phung Quang Chien,093 814 2332
KH-0000001106,Anh Bui Quang Ban,099 914 8560
KH-0000001107,Chu Le Quang Quan,097 954 9004
KH-0000001108,Chu Nguyen Xuan Hung,095 596 6033
KH-0000001109,Co Tran Huu Lan,092 952 6327
KH-0000001110,Chu Phung Huu Quan,092 321 6999
KH-0000001111,Chi Do Huu Le,093 123 5375
